QUESTION,TITLE_E,TITLE_F,INDICATORID,INDICATORENG,INDICATORFRA,SUBINDICATORID,SUBINDICATORENG,SUBINDICATORFRA
Q01,Question 1. I get the training I need to do my job.,Question 1. Je reçois la formation dont j’ai besoin pour faire mon travail.,3,WORKFORCE,EFFECTIF,4,Job fit and development,Compatibilité entre la personne et l'emploi et perfectionnement
Q02,Question 2. My job is a good fit with my interests.,Question 2. Mon emploi correspond bien à mes intérêts.,3,WORKFORCE,EFFECTIF,4,Job fit and development,Compatibilité entre la personne et l'emploi et perfectionnement
Q03,Question 3. My job is a good fit with my skills.,Question 3. Mon emploi correspond bien à mes compétences.,3,WORKFORCE,EFFECTIF,4,Job fit and development,Compatibilité entre la personne et l'emploi et perfectionnement
Q04,Question 4. I have support at work to balance my work and personal life.,Question 4. Je reçois du soutien au travail pour concilier mon travail et ma vie personnelle.,3,WORKFORCE,EFFECTIF,6,Work-life balance and workload,Équilibre travail-vie privée et charge de travail
Q05,Question 5. I get a sense of satisfaction from my work.,Question 5. Je tire de la satisfaction de mon travail.,1,EMPLOYEE ENGAGEMENT,MOBILISATION DES EMPLOYÉS,0,Employee engagement,Mobilisation des employés
Q06,Question 6. I receive meaningful recognition for work well done.,Question 6. Je reçois une reconnaissance significative lorsque je fais un bon travail.,3,WORKFORCE,EFFECTIF,3,Performance management,Gestion de rendemant
Q07,Question 7. I have clear work objectives.,Question 7. J’ai des objectifs de travail clairs.,3,WORKFORCE,EFFECTIF,3,Performance management,Gestion de rendemant
Q08,Question 8. I know how my work contributes to the achievement of my department’s or agency’s goals.,Question 8. Je sais de quelle façon mon travail contribue à l’atteinte des objectifs de mon ministère ou organisme.,4,WORKPLACE,MILIEU DE TRAVAIL,8,Organizational goals,Buts organisationnels
Q09,"Question 9. Overall, I feel valued at work.","Question 9. Dans l'ensemble, je me sens valorisé(e) au travail.",1,EMPLOYEE ENGAGEMENT,MOBILISATION DES EMPLOYÉS,0,Employee engagement,Mobilisation des employés
Q10,Question 10. I am proud of the work that I do.,Question 10. Je suis fier (fière) du travail que je fais.,1,EMPLOYEE ENGAGEMENT,MOBILISATION DES EMPLOYÉS,0,Employee engagement,Mobilisation des employés
Q11,Question 11. I have opportunities to provide input into decisions that affect my work.,Question 11. J’ai l’occasion de contribuer aux décisions qui touchent mon travail.,3,WORKFORCE,EFFECTIF,5,Empowerment,Habilitation
Q12,Question 12. I am encouraged to be innovative or to take initiative in my work.,Question 12. On m’encourage à innover ou à prendre des initiatives dans mon travail.,3,WORKFORCE,EFFECTIF,5,Empowerment,Habilitation
Q13,Question 13. I have support at work to provide a high level of service.,"Question 13. Au travail, j’obtiens du soutien pour fournir un service de haute qualité.",3,WORKFORCE,EFFECTIF,5,Empowerment,Habilitation
Q14,"Question 14. Overall, I like my job.","Question 14. Dans l’ensemble, j’aime mon emploi.",1,EMPLOYEE ENGAGEMENT,MOBILISATION DES EMPLOYÉS,0,Employee engagement,Mobilisation des employés
Q15,Question 15. I can complete my assigned workload during my regular working hours.,Question 15. J'arrive à accomplir les tâches qui me sont assignées pendant mes heures normales de travail.,3,WORKFORCE,EFFECTIF,6,Work-life balance and workload,Équilibre travail-vie privée et charge de travail
Q16a,Question 16a. I feel that the quality of my work suffers because of... constantly changing priorities.,Question 16a. J'estime que la qualité de mon travail est minée parce que ...les priorités changent constamment.,4,WORKPLACE,MILIEU DE TRAVAIL,9,Organizational performance,Rendement organisationnel
Q16b,Question 16b. I feel that the quality of my work suffers because of... lack of stability in my department or agency.,Question 16b. J'estime que la qualité de mon travail est minée parce que ...mon ministère ou organisme manque de stabilité.,4,WORKPLACE,MILIEU DE TRAVAIL,9,Organizational performance,Rendement organisationnel
Q16c,Question 16c. I feel that the quality of my work suffers because of... too many approval stages.,Question 16c. J'estime que la qualité de mon travail est minée parce que ...il y a un trop grand nombre d'étapes d'approbation.,4,WORKPLACE,MILIEU DE TRAVAIL,9,Organizational performance,Rendement organisationnel
Q16d,Question 16d. I feel that the quality of my work suffers because of... unreasonable deadlines.,Question 16d. J'estime que la qualité de mon travail est minée parce que ...les échéanciers sont déraisonnables.,4,WORKPLACE,MILIEU DE TRAVAIL,9,Organizational performance,Rendement organisationnel
Q16e,"Question 16e. I feel that the quality of my work suffers because of... having to do the same or more work, but with fewer resources.","Question 16e. J'estime que la qualité de mon travail est minée parce que ...je dois faire le même travail, ou en faire plus, avec moins de ressources.",4,WORKPLACE,MILIEU DE TRAVAIL,9,Organizational performance,Rendement organisationnel
Q16f,Question 16f. I feel that the quality of my work suffers because of... high staff turnover.,Question 16f. J'estime que la qualité de mon travail est minée parce que ...le taux de roulement du personnel est élevé.,4,WORKPLACE,MILIEU DE TRAVAIL,9,Organizational performance,Rendement organisationnel
Q16g,Question 16g. I feel that the quality of my work suffers because of... overly complicated or unnecessary business processes.,Question 16g. J'estime que la qualité de mon travail est minée parce que ...les processus opérationnels sont trop compliqués ou inutiles.,4,WORKPLACE,MILIEU DE TRAVAIL,9,Organizational performance,Rendement organisationnel
Q17,Question 17. I am satisfied with how interpersonal issues are resolved in my work unit.,Question 17. Je suis satisfait(e) de la manière dont les problèmes interpersonnels sont réglés dans mon unité de travail.,4,WORKPLACE,MILIEU DE TRAVAIL,11,Ethical workplace,Milieu de travail éthique
Q18,"Question 18. In my work unit, every individual is accepted as an equal member of the team.","Question 18. Dans mon unité de travail, chaque personne est acceptée comme membre à part entière de l'équipe.",4,WORKPLACE,MILIEU DE TRAVAIL,10,Respectful workplace,Milieu de travail respectueux
Q19,"Question 19. In my work unit, unsatisfactory employee performance is managed effectively.","Question 19. Dans mon unité de travail, le rendement insatisfaisant des employé(e)s est géré de manière efficace.",3,WORKFORCE,EFFECTIF,3,Performance management,Gestion de rendemant
Q20,"Question 20. In my work unit, individuals behave in a respectful manner.","Question 20. Dans mon unité de travail, les gens se comportent de manière respectueuse.",4,WORKPLACE,MILIEU DE TRAVAIL,10,Respectful workplace,Milieu de travail respectueux
Q21,Question 21. The people I work with value my ideas and opinions.,Question 21. Les personnes avec lesquelles je travaille valorisent mes idées et mes opinions. ,4,WORKPLACE,MILIEU DE TRAVAIL,10,Respectful workplace,Milieu de travail respectueux
Q22,Question 22. I receive useful feedback from my immediate supervisor on my job performance.,Question 22. Je reçois de la rétroaction utile de mon (ma) superviseur(e) immédiat(e) sur mon rendement au travail.,3,WORKFORCE,EFFECTIF,3,Performance management,Gestion de rendemant
Q23,Question 23. I can count on my immediate supervisor to keep his or her promises.,Question 23. Je sais que mon (ma) superviseur(e) immédiat(e) tiendra ses engagements.,2,LEADERSHIP,LEADERSHIP,1,Immediate supervisor,Superviseur immédiat
Q24,Question 24. My immediate supervisor keeps me informed about the issues affecting my work.,Question 24. Mon (ma) superviseur(e) immédiat(e) me tient au courant des questions touchant mon travail.,2,LEADERSHIP,LEADERSHIP,1,Immediate supervisor,Superviseur immédiat
Q25,Question 25. My immediate supervisor seems to care about me as a person.,Question 25. Mon (ma) superviseur(e) immédiat(e) semble se soucier de moi en tant que personne.,5,WORKPLACE WELL-BEING,BIEN-ÊTRE EN MILIEU DE TRAVAIL,14,A psychologically healthy workplace,Milieu de travail sain sur le plan psychologique
Q26,Question 26. I am satisfied with the quality of supervision I receive.,Question 26. Je suis satisfait(e) de la qualité de la supervision qui est exercée à mon égard.,2,LEADERSHIP,LEADERSHIP,1,Immediate supervisor,Superviseur immédiat
Q28,Question 28. I receive the support I need from senior management to address unsatisfactory performance issues in my work unit. (for supervisors),Question 28. La haute direction m'offre le soutien dont j'ai besoin pour aborder les problèmes de rendement insatisfaisant dans mon unité de travail. (pour les superviseurs),3,WORKFORCE,EFFECTIF,3,Performance management,Gestion de rendemant
Q29,Question 29. Senior managers in my department or agency lead by example in ethical behaviour.,Question 29. Les cadres supérieurs de mon ministère ou organisme montrent l’exemple par leur comportement éthique.,2,LEADERSHIP,LEADERSHIP,2,Senior management,Haute direction
Q30,Question 30. I have confidence in the senior management of my department or agency.,Question 30. J’ai confiance en la haute direction de mon ministère ou organisme.,2,LEADERSHIP,LEADERSHIP,2,Senior management,Haute direction
Q31,Question 31. Senior management in my department or agency makes effective and timely decisions.,Question 31. La haute direction de mon ministère ou organisme prend des décisions efficaces et opportunes.,2,LEADERSHIP,LEADERSHIP,2,Senior management,Haute direction
Q32,Question 32. Essential information flows effectively from senior management to staff.,Question 32. La haute direction communique efficacement les renseignements essentiels au personnel.,2,LEADERSHIP,LEADERSHIP,2,Senior management,Haute direction
Q33,"Question 33. My department or agency does a good job of communicating its vision, mission and goals.","Question 33. Mon ministère ou organisme communique efficacement sa vision, sa mission et ses objectifs.",4,WORKPLACE,MILIEU DE TRAVAIL,8,Organizational goals,Buts organisationnels
Q34,"Question 34. If I am faced with an ethical dilemma or a conflict between values in the workplace, I know where I can go for help in resolving the situation.","Question 34. Si j’étais confronté(e) à un dilemme éthique ou à un conflit entre les valeurs du milieu de travail, je saurais où aller pour obtenir de l’aide afin de régler le problème.",4,WORKPLACE,MILIEU DE TRAVAIL,11,Ethical workplace,Milieu de travail éthique
Q35,Question 35. My department or agency does a good job of promoting values and ethics in the workplace.,Question 35. Mon ministère ou organisme fait un bon travail de promotion des valeurs et de l'éthique dans le milieu de travail.,4,WORKPLACE,MILIEU DE TRAVAIL,11,Ethical workplace,Milieu de travail éthique
Q36,"Question 36. I feel I can initiate a formal recourse process (e.g., grievance, complaint, appeal) without fear of reprisal.","Question 36. J’estime pouvoir amorcer un processus de recours officiel (p. ex., grief, plainte, droit d'appel) sans crainte de représailles.",4,WORKPLACE,MILIEU DE TRAVAIL,11,Ethical workplace,Milieu de travail éthique
Q37,Question 37. My department or agency does a good job of supporting employee career development.,Question 37. Mon ministère ou organisme met tout en oeuvre pour appuyer ses employé(e)s dans leur perfectionnement professionnel.,3,WORKFORCE,EFFECTIF,4,Job fit and development,Compatibilité entre la personne et l'emploi et perfectionnement
Q38,"Question 38. I believe I have opportunities for promotion within my department or agency, given my education, skills and experience.","Question 38. J’estime avoir des possibilités d’obtenir une promotion au sein de mon ministère ou organisme, compte tenu de ma scolarité, de mes compétences et de mon expérience.",3,WORKFORCE,EFFECTIF,4,Job fit and development,Compatibilité entre la personne et l'emploi et perfectionnement
Q39,Question 39. I feel I would be supported by my department or agency if I proposed a new idea.,Question 39. J’estime que j’obtiendrais du soutien de mon ministère ou organisme si je proposais une nouvelle idée.,3,WORKFORCE,EFFECTIF,5,Empowerment,Habilitation
Q40,Question 40. My department or agency implements activities and practices that support a diverse workplace.,Question 40. Mon ministère ou organisme met en place des activités et des pratiques qui favorisent un milieu de travail diversifié.,4,WORKPLACE,MILIEU DE TRAVAIL,10,Respectful workplace,Milieu de travail respectueux
Q41,"Question 41. I think that my department or agency respects individual differences (e.g., culture, work styles, ideas).","Question 41. Je crois que mon ministère ou organisme respecte les différences individuelles (p. ex., la culture, les méthodes de travail, les idées).",4,WORKPLACE,MILIEU DE TRAVAIL,10,Respectful workplace,Milieu de travail respectueux
Q42,"Question 42. Overall, my department or agency treats me with respect.","Question 42. Dans l’ensemble, mon ministère ou organisme me traite avec respect.",4,WORKPLACE,MILIEU DE TRAVAIL,10,Respectful workplace,Milieu de travail respectueux
Q43,Question 43. I would recommend my department or agency as a great place to work.,Question 43. Je recommanderais mon ministère ou organisme comme un excellent milieu de travail.,1,EMPLOYEE ENGAGEMENT,MOBILISATION DES EMPLOYÉS,0,Employee engagement,Mobilisation des employés
Q44,Question 44. I am satisfied with my department or agency.,Question 44. Je suis satisfait(e) de mon ministère ou organisme.,1,EMPLOYEE ENGAGEMENT,MOBILISATION DES EMPLOYÉS,0,Employee engagement,Mobilisation des employés
Q45,"Question 45. I would prefer to remain with my department or agency, even if a comparable job was available elsewhere in the federal public service.",Question 45. Je préférerais continuer à travailler au sein de mon ministère ou organisme même si un poste comparable était disponible ailleurs dans la fonction publique fédérale.,1,EMPLOYEE ENGAGEMENT,MOBILISATION DES EMPLOYÉS,0,Employee engagement,Mobilisation des employés
Q46,Question 46. Do you intend to leave your current position in the next two years?,Question 46. Avez-vous l’intention de quitter votre poste actuel au cours des deux prochaines années?,3,WORKFORCE,EFFECTIF,7,Mobility and Retention,Mobilité et maintien en poste
Q47,Question 47. Please indicate your reason for leaving.,Question 47. Veuillez indiquer la raison de votre départ.,3,WORKFORCE,EFFECTIF,7,Mobility and Retention,Mobilité et maintien en poste
Q48,"Question 48. Having carefully read the definition of harassment, have you been the victim of harassment on the job in the past 12 months?","Question 48. Après avoir lu attentivement la définition du harcèlement, au cours des 12 derniers mois, avez-vous été victime de harcèlement au travail?",4,WORKPLACE,MILIEU DE TRAVAIL,12,Harassment,Harcèlement
Q49a,Question 49a. From whom did you experience harassment on the job? Co-workers,Question 49a. De la part de qui avez-vous été victime de harcèlement au travail? Collègues,4,WORKPLACE,MILIEU DE TRAVAIL,12,Harassment,Harcèlement
Q49b,Question 49b. From whom did you experience harassment on the job? Individuals with authority over me,Question 49b. De la part de qui avez-vous été victime de harcèlement au travail? Supérieur(e)s,4,WORKPLACE,MILIEU DE TRAVAIL,12,Harassment,Harcèlement
Q49c,Question 49c. From whom did you experience harassment on the job? Individuals working for me,Question 49c. De la part de qui avez-vous été victime de harcèlement au travail? Employé(e)s relevant de moi,4,WORKPLACE,MILIEU DE TRAVAIL,12,Harassment,Harcèlement
Q49d,"Question 49d. From whom did you experience harassment on the job? Individuals for whom I have a custodial responsibility (e.g., inmates, offenders, patients, detainees)","Question 49d. De la part de qui avez-vous été victime de harcèlement au travail? Personnes envers lesquelles j'ai une responsabilité de garde (p. ex., détenu(e)s, contrevenant(e)s, patient(e)s, personnes sous garde)",4,WORKPLACE,MILIEU DE TRAVAIL,12,Harassment,Harcèlement
Q49e,Question 49e. From whom did you experience harassment on the job? Individuals from other departments or agencies,Question 49e. De la part de qui avez-vous été victime de harcèlement au travail? Personnes d'autres ministères ou organismes,4,WORKPLACE,MILIEU DE TRAVAIL,12,Harassment,Harcèlement
Q49f,Question 49f. From whom did you experience harassment on the job? Members of the public (individuals or organizations),Question 49f. De la part de qui avez-vous été victime de harcèlement au travail? Membres du public (personnes ou organisations),4,WORKPLACE,MILIEU DE TRAVAIL,12,Harassment,Harcèlement
Q49g,Question 49g. From whom did you experience harassment on the job? Other,Question 49g. De la part de qui avez-vous été victime de harcèlement au travail? Autre,4,WORKPLACE,MILIEU DE TRAVAIL,12,Harassment,Harcèlement
Q50a,Question 50a. Please indicate the nature of the harassment you experienced. Aggressive behaviour,Question 50a. Veuillez indiquer la nature du harcèlement dont vous avez fait l'objet. Comportement agressif,4,WORKPLACE,MILIEU DE TRAVAIL,12,Harassment,Harcèlement
Q50b,Question 50b. Please indicate the nature of the harassment you experienced. Excessive control,Question 50b. Veuillez indiquer la nature du harcèlement dont vous avez fait l'objet. Contrôle excessif,4,WORKPLACE,MILIEU DE TRAVAIL,12,Harassment,Harcèlement
Q50c,Question 50c. Please indicate the nature of the harassment you experienced. Being excluded or being ignored,Question 50c. Veuillez indiquer la nature du harcèlement dont vous avez fait l'objet. Être exclu(e) ou ignoré(e),4,WORKPLACE,MILIEU DE TRAVAIL,12,Harassment,Harcèlement
Q50d,Question 50d. Please indicate the nature of the harassment you experienced. Humiliation,Question 50d. Veuillez indiquer la nature du harcèlement dont vous avez fait l'objet. Humiliation,4,WORKPLACE,MILIEU DE TRAVAIL,12,Harassment,Harcèlement
Q50e,Question 50e. Please indicate the nature of the harassment you experienced. Interference with work / withholding resources,Question 50e. Veuillez indiquer la nature du harcèlement dont vous avez fait l'objet. Interférence dans le travail ou retenue de ressources,4,WORKPLACE,MILIEU DE TRAVAIL,12,Harassment,Harcèlement
Q50f,Question 50f. Please indicate the nature of the harassment you experienced. Offensive remark,Question 50f. Veuillez indiquer la nature du harcèlement dont vous avez fait l'objet. Commentaire désobligeant,4,WORKPLACE,MILIEU DE TRAVAIL,12,Harassment,Harcèlement
Q50g,Question 50g. Please indicate the nature of the harassment you experienced. Personal attack,Question 50g. Veuillez indiquer la nature du harcèlement dont vous avez fait l'objet. Attaque personnelle,4,WORKPLACE,MILIEU DE TRAVAIL,12,Harassment,Harcèlement
Q50h,Question 50h. Please indicate the nature of the harassment you experienced. Physical violence,Question 50h. Veuillez indiquer la nature du harcèlement dont vous avez fait l'objet. Violence physique,4,WORKPLACE,MILIEU DE TRAVAIL,12,Harassment,Harcèlement
Q50i,Question 50i. Please indicate the nature of the harassment you experienced. Sexual comment or gesture,Question 50i. Veuillez indiquer la nature du harcèlement dont vous avez fait l'objet. Commentaire ou geste à caractère sexuel,4,WORKPLACE,MILIEU DE TRAVAIL,12,Harassment,Harcèlement
Q50j,Question 50j. Please indicate the nature of the harassment you experienced. Threat,Question 50j. Veuillez indiquer la nature du harcèlement dont vous avez fait l'objet. Menace,4,WORKPLACE,MILIEU DE TRAVAIL,12,Harassment,Harcèlement
Q50k,Question 50k. Please indicate the nature of the harassment you experienced. Unfair treatment,Question 50k. Veuillez indiquer la nature du harcèlement dont vous avez fait l'objet. Traitement injuste,4,WORKPLACE,MILIEU DE TRAVAIL,12,Harassment,Harcèlement
Q50l,Question 50l. Please indicate the nature of the harassment you experienced. Yelling / shouting,Question 50l. Veuillez indiquer la nature du harcèlement dont vous avez fait l'objet. Hurlement ou cris,4,WORKPLACE,MILIEU DE TRAVAIL,12,Harassment,Harcèlement
Q50m,Question 50m. Please indicate the nature of the harassment you experienced. Other,Question 50m. Veuillez indiquer la nature du harcèlement dont vous avez fait l'objet. Autre,4,WORKPLACE,MILIEU DE TRAVAIL,12,Harassment,Harcèlement
Q51a,Question 51a. What action(s) did you take to address the harassment you experienced? I discussed the matter with my supervisor or a senior manager.,Question 51a. Quelle(s) mesure(s) avez-vous prise(s) pour régler le problème de harcèlement dont vous avez fait l'objet? J'ai discuté du problème avec mon (ma) superviseur(e) ou un cadre supérieur.,4,WORKPLACE,MILIEU DE TRAVAIL,12,Harassment,Harcèlement
Q51b,Question 51b. What action(s) did you take to address the harassment you experienced? I discussed the matter with the person(s) from whom I experienced the harassment.,Question 51b. Quelle(s) mesure(s) avez-vous prise(s) pour régler le problème de harcèlement dont vous avez fait l'objet? J'ai discuté du problème avec la ou les personne(s) par laquelle (lesquelles) j'ai été harcelé(e).,4,WORKPLACE,MILIEU DE TRAVAIL,12,Harassment,Harcèlement
Q51c,Question 51c. What action(s) did you take to address the harassment you experienced? I contacted a human resources advisor in my department or agency.,Question 51c. Quelle(s) mesure(s) avez-vous prise(s) pour régler le problème de harcèlement dont vous avez fait l'objet? J'ai communiqué avec un(e) conseiller(ère) en ressources humaines de mon ministère ou organisme.,4,WORKPLACE,MILIEU DE TRAVAIL,12,Harassment,Harcèlement
Q51d,Question 51d. What action(s) did you take to address the harassment you experienced? I contacted my union representative.,Question 51d. Quelle(s) mesure(s) avez-vous prise(s) pour régler le problème de harcèlement dont vous avez fait l'objet? J'ai communiqué avec mon (ma) représentant(e) syndical(e).,4,WORKPLACE,MILIEU DE TRAVAIL,12,Harassment,Harcèlement
Q51e,Question 51e. What action(s) did you take to address the harassment you experienced? I used an informal conflict resolution process.,Question 51e. Quelle(s) mesure(s) avez-vous prise(s) pour régler le problème de harcèlement dont vous avez fait l'objet? J'ai eu recours à un processus informel de résolution des conflits.,4,WORKPLACE,MILIEU DE TRAVAIL,12,Harassment,Harcèlement
Q51f,Question 51f. What action(s) did you take to address the harassment you experienced? I filed a grievance or formal complaint. (Go to Question 53),Question 51f. Quelle(s) mesure(s) avez-vous prise(s) pour régler le problème de harcèlement dont vous avez fait l'objet? J'ai déposé un grief ou une plainte officielle. (Passez à la question 53),4,WORKPLACE,MILIEU DE TRAVAIL,12,Harassment,Harcèlement
Q51g,Question 51g. What action(s) did you take to address the harassment you experienced? I resolved the matter informally on my own.,Question 51g. Quelle(s) mesure(s) avez-vous prise(s) pour régler le problème de harcèlement dont vous avez fait l'objet? J'ai réglé la question de façon informelle par moi même.,4,WORKPLACE,MILIEU DE TRAVAIL,12,Harassment,Harcèlement
Q51h,Question 51h. What action(s) did you take to address the harassment you experienced? Other,Question 51h. Quelle(s) mesure(s) avez-vous prise(s) pour régler le problème de harcèlement dont vous avez fait l'objet? Autre,4,WORKPLACE,MILIEU DE TRAVAIL,12,Harassment,Harcèlement
Q51i,Question 51i. What action(s) did you take to address the harassment you experienced? I took no action.,Question 51i. Quelle(s) mesure(s) avez-vous prise(s) pour régler le problème de harcèlement dont vous avez fait l'objet? Je n'ai pris aucune mesure.,4,WORKPLACE,MILIEU DE TRAVAIL,12,Harassment,Harcèlement
Q52a,Question 52a. Why did you not file a grievance or formal complaint about the harassment you experienced? The issue was resolved.,Question 52a. Pourquoi n'avez-vous pas déposé un grief ou une plainte officielle concernant le harcèlement dont vous avez fait l'objet? La situation a été réglée.,4,WORKPLACE,MILIEU DE TRAVAIL,12,Harassment,Harcèlement
Q52b,Question 52b. Why did you not file a grievance or formal complaint about the harassment you experienced? I did not think the incident was serious enough.,Question 52b. Pourquoi n'avez-vous pas déposé un grief ou une plainte officielle concernant le harcèlement dont vous avez fait l'objet? Je ne pensais pas que l'incident était assez grave.,4,WORKPLACE,MILIEU DE TRAVAIL,12,Harassment,Harcèlement
Q52c,Question 52c. Why did you not file a grievance or formal complaint about the harassment you experienced? The behaviour stopped.,Question 52c. Pourquoi n'avez-vous pas déposé un grief ou une plainte officielle concernant le harcèlement dont vous avez fait l'objet? Le comportement s'est arrêté.,4,WORKPLACE,MILIEU DE TRAVAIL,12,Harassment,Harcèlement
Q52d,Question 52d. Why did you not file a grievance or formal complaint about the harassment you experienced? The individual apologized.,Question 52d. Pourquoi n'avez-vous pas déposé un grief ou une plainte officielle concernant le harcèlement dont vous avez fait l'objet? La personne s'est excusée.,4,WORKPLACE,MILIEU DE TRAVAIL,12,Harassment,Harcèlement
Q52e,Question 52e. Why did you not file a grievance or formal complaint about the harassment you experienced? Management intervened.,Question 52e. Pourquoi n'avez-vous pas déposé un grief ou une plainte officielle concernant le harcèlement dont vous avez fait l'objet? La direction est intervenue.,4,WORKPLACE,MILIEU DE TRAVAIL,12,Harassment,Harcèlement
Q52f,Question 52f. Why did you not file a grievance or formal complaint about the harassment you experienced? The individual left or changed jobs.,Question 52f. Pourquoi n'avez-vous pas déposé un grief ou une plainte officielle concernant le harcèlement dont vous avez fait l'objet? La personne a quitté ou changé d'emploi.,4,WORKPLACE,MILIEU DE TRAVAIL,12,Harassment,Harcèlement
Q52g,Question 52g. Why did you not file a grievance or formal complaint about the harassment you experienced? I changed jobs.,Question 52g. Pourquoi n'avez-vous pas déposé un grief ou une plainte officielle concernant le harcèlement dont vous avez fait l'objet? J'ai changé d'emploi.,4,WORKPLACE,MILIEU DE TRAVAIL,12,Harassment,Harcèlement
Q52h,"Question 52h. Why did you not file a grievance or formal complaint about the harassment you experienced? I did not know what to do, where to go or whom to ask.","Question 52h. Pourquoi n'avez-vous pas déposé un grief ou une plainte officielle concernant le harcèlement dont vous avez fait l'objet? Je ne savais pas quoi faire, où aller ou à qui parler.",4,WORKPLACE,MILIEU DE TRAVAIL,12,Harassment,Harcèlement
Q52i,Question 52i. Why did you not file a grievance or formal complaint about the harassment you experienced? I was too distraught.,Question 52i. Pourquoi n'avez-vous pas déposé un grief ou une plainte officielle concernant le harcèlement dont vous avez fait l'objet? J'étais trop bouleversé(e).,4,WORKPLACE,MILIEU DE TRAVAIL,12,Harassment,Harcèlement
Q52j,"Question 52j. Why did you not file a grievance or formal complaint about the harassment you experienced? I had concerns about the formal complaint process (e.g., confidentiality, how long it would take).","Question 52j. Pourquoi n'avez-vous pas déposé un grief ou une plainte officielle concernant le harcèlement dont vous avez fait l'objet? J'avais des préoccupations au sujet du processus formel de plaintes (p. ex., la confidentialité, le temps que prendrait le processus).",4,WORKPLACE,MILIEU DE TRAVAIL,12,Harassment,Harcèlement
Q52k,Question 52k. Why did you not file a grievance or formal complaint about the harassment you experienced? I was advised against filing a complaint.,Question 52k. Pourquoi n'avez-vous pas déposé un grief ou une plainte officielle concernant le harcèlement dont vous avez fait l'objet? On m'a conseillé d'éviter de déposer une plainte.,4,WORKPLACE,MILIEU DE TRAVAIL,12,Harassment,Harcèlement
Q52l,"Question 52l. Why did you not file a grievance or formal complaint about the harassment you experienced? I was afraid of reprisal (e.g., having limited career advancement, being labelled a troublemaker).","Question 52l. Pourquoi n'avez-vous pas déposé un grief ou une plainte officielle concernant le harcèlement dont vous avez fait l'objet? J'avais peur des représailles (p. ex., limiter l'avancement de ma carrière ou porter l'étiquette de fauteur de troubles).",4,WORKPLACE,MILIEU DE TRAVAIL,12,Harassment,Harcèlement
Q52m,Question 52m. Why did you not file a grievance or formal complaint about the harassment you experienced? Someone threatened me.,Question 52m. Pourquoi n'avez-vous pas déposé un grief ou une plainte officielle concernant le harcèlement dont vous avez fait l'objet? Quelqu'un m'a menacé(e).,4,WORKPLACE,MILIEU DE TRAVAIL,12,Harassment,Harcèlement
Q52n,Question 52n. Why did you not file a grievance or formal complaint about the harassment you experienced? I did not believe it would make a difference.,Question 52n. Pourquoi n'avez-vous pas déposé un grief ou une plainte officielle concernant le harcèlement dont vous avez fait l'objet? Je ne croyais pas que cela ferait une différence.,4,WORKPLACE,MILIEU DE TRAVAIL,12,Harassment,Harcèlement
Q52o,Question 52o. Why did you not file a grievance or formal complaint about the harassment you experienced? I intend to file a grievance or a formal complaint but I have not done so yet.,Question 52o. Pourquoi n'avez-vous pas déposé un grief ou une plainte officielle concernant le harcèlement dont vous avez fait l'objet? J'ai l'intention de déposer un grief ou une plainte officielle mais je ne l'ai pas encore fait.,4,WORKPLACE,MILIEU DE TRAVAIL,12,Harassment,Harcèlement
Q52p,Question 52p. Why did you not file a grievance or formal complaint about the harassment you experienced? Other,Question 52p. Pourquoi n'avez-vous pas déposé un grief ou une plainte officielle concernant le harcèlement dont vous avez fait l'objet? Autre,4,WORKPLACE,MILIEU DE TRAVAIL,12,Harassment,Harcèlement
Q53,Question 53. I am satisfied with how matters related to harassment are resolved in my department or agency.,Question 53. Je suis satisfait(e) de la manière dont les problèmes de harcèlement sont réglés dans mon ministère ou organisme.,4,WORKPLACE,MILIEU DE TRAVAIL,12,Harassment,Harcèlement
Q54,Question 54. My department or agency works hard to create a workplace that prevents harassment.,Question 54. Mon ministère ou organisme met tout en oeuvre pour créer un milieu de travail qui prévient le harcèlement.,4,WORKPLACE,MILIEU DE TRAVAIL,12,Harassment,Harcèlement
Q55,"Question 55. Having carefully read the definition of discrimination, have you been the victim of discrimination           on the job in the past 12 months?","Question 55. Après avoir lu attentivement la définition de la discrimination, au cours des 12 derniers mois, avez-vous été victime de discrimination au travail?",4,WORKPLACE,MILIEU DE TRAVAIL,13,Discrimination,Discrimination
Q56a,Question 56a. From whom did you experience discrimination on the job? Co-workers,Question 56a. De la part de qui avez-vous été victime de discrimination au travail? Collègues,4,WORKPLACE,MILIEU DE TRAVAIL,13,Discrimination,Discrimination
Q56b,Question 56b. From whom did you experience discrimination on the job? Individuals with authority over me,Question 56b. De la part de qui avez-vous été victime de discrimination au travail? Supérieur(e)s,4,WORKPLACE,MILIEU DE TRAVAIL,13,Discrimination,Discrimination
Q56c,Question 56c. From whom did you experience discrimination on the job? Individuals working for me,Question 56c. De la part de qui avez-vous été victime de discrimination au travail? Employé(e)s relevant de moi,4,WORKPLACE,MILIEU DE TRAVAIL,13,Discrimination,Discrimination
Q56d,"Question 56d. From whom did you experience discrimination on the job? Individuals for whom I have a custodial responsibility (e.g., inmates, offenders, patients, detainees)","Question 56d. De la part de qui avez-vous été victime de discrimination au travail? Personnes envers lesquelles j'ai une responsabilité de garde (p. ex., détenu(e)s, contrevenant(e)s, patient(e)s, personnes sous garde)",4,WORKPLACE,MILIEU DE TRAVAIL,13,Discrimination,Discrimination
Q56e,Question 56e. From whom did you experience discrimination on the job? Individuals from other departments or agencies,Question 56e. De la part de qui avez-vous été victime de discrimination au travail? Personnes d'autres ministères ou organismes,4,WORKPLACE,MILIEU DE TRAVAIL,13,Discrimination,Discrimination
Q56f,Question 56f. From whom did you experience discrimination on the job? Members of the public (individuals or organizations),Question 56f. De la part de qui avez-vous été victime de discrimination au travail? Membres du public (personnes ou organisations),4,WORKPLACE,MILIEU DE TRAVAIL,13,Discrimination,Discrimination
Q56g,Question 56g. From whom did you experience discrimination on the job? Other,Question 56g. De la part de qui avez-vous été victime de discrimination au travail? Autre,4,WORKPLACE,MILIEU DE TRAVAIL,13,Discrimination,Discrimination
Q57a,Question 57a. Please indicate the type of discrimination you experienced. Race,Question 57a. Veuillez indiquer le type de discrimination dont vous avez fait l'objet. Race,4,WORKPLACE,MILIEU DE TRAVAIL,13,Discrimination,Discrimination
Q57b,Question 57b. Please indicate the type of discrimination you experienced. National or ethnic origin,Question 57b. Veuillez indiquer le type de discrimination dont vous avez fait l'objet. Origine nationale ou ethnique,4,WORKPLACE,MILIEU DE TRAVAIL,13,Discrimination,Discrimination
Q57c,Question 57c. Please indicate the type of discrimination you experienced. Colour,Question 57c. Veuillez indiquer le type de discrimination dont vous avez fait l'objet. Couleur,4,WORKPLACE,MILIEU DE TRAVAIL,13,Discrimination,Discrimination
Q57d,Question 57d. Please indicate the type of discrimination you experienced. Religion,Question 57d. Veuillez indiquer le type de discrimination dont vous avez fait l'objet. Religion,4,WORKPLACE,MILIEU DE TRAVAIL,13,Discrimination,Discrimination
Q57e,Question 57e. Please indicate the type of discrimination you experienced. Age,Question 57e. Veuillez indiquer le type de discrimination dont vous avez fait l'objet. Âge,4,WORKPLACE,MILIEU DE TRAVAIL,13,Discrimination,Discrimination
Q57f,Question 57f. Please indicate the type of discrimination you experienced. Sex,Question 57f. Veuillez indiquer le type de discrimination dont vous avez fait l'objet. Sexe,4,WORKPLACE,MILIEU DE TRAVAIL,13,Discrimination,Discrimination
Q57g,Question 57g. Please indicate the type of discrimination you experienced. Sexual orientation,Question 57g. Veuillez indiquer le type de discrimination dont vous avez fait l'objet. Orientation sexuelle,4,WORKPLACE,MILIEU DE TRAVAIL,13,Discrimination,Discrimination
Q57h,"Question 57h. Please indicate the type of discrimination you experienced. Gender identity or expression ((including gender diverse identities or expressions such as transgender, two-spirit, or non-binary)","Question 57h. Veuillez indiquer le type de discrimination dont vous avez fait l'objet. Identité ou expression de genre (inclus identité ou expression de divers genres telle que transgenre, bispirituelle ou non-binaire",4,WORKPLACE,MILIEU DE TRAVAIL,13,Discrimination,Discrimination
Q57i,Question 57i. Please indicate the type of discrimination you experienced. Marital status,Question 57i. Veuillez indiquer le type de discrimination dont vous avez fait l'objet. État matrimonial,4,WORKPLACE,MILIEU DE TRAVAIL,13,Discrimination,Discrimination
Q57j,Question 57j. Please indicate the type of discrimination you experienced. Family status,Question 57j. Veuillez indiquer le type de discrimination dont vous avez fait l'objet. Situation familiale,4,WORKPLACE,MILIEU DE TRAVAIL,13,Discrimination,Discrimination
Q57k,"Question 57k. Please indicate the type of discrimination you experienced. Genetic characteristics (including a requirement to undergo a genetic test, or disclose the results of a genetic test)","Question 57k. Veuillez indiquer le type de discrimination dont vous avez fait l'objet. Caractéristiques génétiques (y compris l'obligation à subir un test génétique, ou à communiquer les résultats d'un test génétique)",4,WORKPLACE,MILIEU DE TRAVAIL,13,Discrimination,Discrimination
Q57l,Question 57l. Please indicate the type of discrimination you experienced. Disability,Question 57l. Veuillez indiquer le type de discrimination dont vous avez fait l'objet. Déficience (ou handicap),4,WORKPLACE,MILIEU DE TRAVAIL,13,Discrimination,Discrimination
Q57m,Question 57m. Please indicate the type of discrimination you experienced. Pardoned conviction or suspended record,Question 57m. Veuillez indiquer le type de discrimination dont vous avez fait l'objet. État de personne graciée,4,WORKPLACE,MILIEU DE TRAVAIL,13,Discrimination,Discrimination
Q57n,Question 57n. Please indicate the type of discrimination you experienced. Other,Question 57n. Veuillez indiquer le type de discrimination dont vous avez fait l'objet. Autre,4,WORKPLACE,MILIEU DE TRAVAIL,13,Discrimination,Discrimination
Q58a,Question 58a. What action(s) did you take to address the discrimination you experienced? I discussed the matter with my supervisor or a senior manager.,Question 58a. Quelle(s) mesure(s) avez-vous prise(s) pour régler le problème de discrimination dont vous avez fait l'objet? J'ai discuté du problème avec mon (ma) superviseur(e) ou un cadre supérieur.,4,WORKPLACE,MILIEU DE TRAVAIL,13,Discrimination,Discrimination
Q58b,Question 58b. What action(s) did you take to address the discrimination you experienced? I discussed the matter with the person(s) from whom I experienced the discrimination.,Question 58b. Quelle(s) mesure(s) avez-vous prise(s) pour régler le problème de discrimination dont vous avez fait l'objet? J'ai discuté du problème avec la ou les personne(s) par laquelle (lesquelles) j'ai été discriminé(e).,4,WORKPLACE,MILIEU DE TRAVAIL,13,Discrimination,Discrimination
Q58c,Question 58c. What action(s) did you take to address the discrimination you experienced? I contacted a human resources advisor in my department or agency.,Question 58c. Quelle(s) mesure(s) avez-vous prise(s) pour régler le problème de discrimination dont vous avez fait l'objet? J'ai communiqué avec un(e) conseiller(ère) en ressources humaines de mon ministère ou organisme.,4,WORKPLACE,MILIEU DE TRAVAIL,13,Discrimination,Discrimination
Q58d,Question 58d. What action(s) did you take to address the discrimination you experienced? I contacted my union representative.,Question 58d. Quelle(s) mesure(s) avez-vous prise(s) pour régler le problème de discrimination dont vous avez fait l'objet? J'ai communiqué avec mon (ma) représentant(e) syndical(e).,4,WORKPLACE,MILIEU DE TRAVAIL,13,Discrimination,Discrimination
Q58e,Question 58e. What action(s) did you take to address the discrimination you experienced? I used an informal conflict resolution process.,Question 58e. Quelle(s) mesure(s) avez-vous prise(s) pour régler le problème de discrimination dont vous avez fait l'objet? J'ai eu recours à un processus informel de résolution des conflits.,4,WORKPLACE,MILIEU DE TRAVAIL,13,Discrimination,Discrimination
Q58f,Question 58f. What action(s) did you take to address the discrimination you experienced? I filed a grievance or formal complaint. (Go to Question 53),Question 58f. Quelle(s) mesure(s) avez-vous prise(s) pour régler le problème de discrimination dont vous avez fait l'objet? J'ai déposé un grief ou une plainte officielle. (Passez à la question 53),4,WORKPLACE,MILIEU DE TRAVAIL,13,Discrimination,Discrimination
Q58g,Question 58g. What action(s) did you take to address the discrimination you experienced? I resolved the matter informally on my own.,Question 58g. Quelle(s) mesure(s) avez-vous prise(s) pour régler le problème de discrimination dont vous avez fait l'objet? J'ai réglé la question de façon informelle par moi même.,4,WORKPLACE,MILIEU DE TRAVAIL,13,Discrimination,Discrimination
Q58h,Question 58h. What action(s) did you take to address the discrimination you experienced? Other,Question 58h. Quelle(s) mesure(s) avez-vous prise(s) pour régler le problème de discrimination dont vous avez fait l'objet? Autre,4,WORKPLACE,MILIEU DE TRAVAIL,13,Discrimination,Discrimination
Q58i,Question 58i. What action(s) did you take to address the discrimination you experienced? I took no action.,Question 58i. Quelle(s) mesure(s) avez-vous prise(s) pour régler le problème de discrimination dont vous avez fait l'objet? Je n'ai pris aucune mesure.,4,WORKPLACE,MILIEU DE TRAVAIL,13,Discrimination,Discrimination
Q59a,Question 59a. Why did you not file a grievance or formal complaint about the discrimination you experienced? The issue was resolved.,Question 59a. Pourquoi n'avez-vous pas déposé un grief ou une plainte officielle concernant la discrimination dont vous avez fait l'objet? La situation a été réglée.,4,WORKPLACE,MILIEU DE TRAVAIL,13,Discrimination,Discrimination
Q59b,Question 59b. Why did you not file a grievance or formal complaint about the discrimination you experienced? I did not think the incident was serious enough.,Question 59b. Pourquoi n'avez-vous pas déposé un grief ou une plainte officielle concernant la discrimination dont vous avez fait l'objet? Je ne pensais pas que l'incident était assez grave.,4,WORKPLACE,MILIEU DE TRAVAIL,13,Discrimination,Discrimination
Q59c,Question 59c. Why did you not file a grievance or formal complaint about the discrimination you experienced? The behaviour stopped.,Question 59c. Pourquoi n'avez-vous pas déposé un grief ou une plainte officielle concernant la discrimination dont vous avez fait l'objet? Le comportement s'est arrêté.,4,WORKPLACE,MILIEU DE TRAVAIL,13,Discrimination,Discrimination
Q59d,Question 59d. Why did you not file a grievance or formal complaint about the discrimination you experienced? The individual apologized.,Question 59d. Pourquoi n'avez-vous pas déposé un grief ou une plainte officielle concernant la discrimination dont vous avez fait l'objet? La personne s'est excusée.,4,WORKPLACE,MILIEU DE TRAVAIL,13,Discrimination,Discrimination
Q59e,Question 59e. Why did you not file a grievance or formal complaint about the discrimination you experienced? Management intervened.,Question 59e. Pourquoi n'avez-vous pas déposé un grief ou une plainte officielle concernant la discrimination dont vous avez fait l'objet? La direction est intervenue.,4,WORKPLACE,MILIEU DE TRAVAIL,13,Discrimination,Discrimination
Q59f,Question 59f. Why did you not file a grievance or formal complaint about the discrimination you experienced? The individual left or changed jobs.,Question 59f. Pourquoi n'avez-vous pas déposé un grief ou une plainte officielle concernant la discrimination dont vous avez fait l'objet? La personne a quitté ou changé d'emploi.,4,WORKPLACE,MILIEU DE TRAVAIL,13,Discrimination,Discrimination
Q59g,Question 59g. Why did you not file a grievance or formal complaint about the discrimination you experienced? I changed jobs.,Question 59g. Pourquoi n'avez-vous pas déposé un grief ou une plainte officielle concernant la discrimination dont vous avez fait l'objet? J'ai changé d'emploi.,4,WORKPLACE,MILIEU DE TRAVAIL,13,Discrimination,Discrimination
Q59h,"Question 59h. Why did you not file a grievance or formal complaint about the discrimination you experienced? I did not know what to do, where to go or whom to ask.","Question 59h. Pourquoi n'avez-vous pas déposé un grief ou une plainte officielle concernant la discrimination dont vous avez fait l'objet? Je ne savais pas quoi faire, où aller ou à qui parler.",4,WORKPLACE,MILIEU DE TRAVAIL,13,Discrimination,Discrimination
Q59i,Question 59i. Why did you not file a grievance or formal complaint about the discrimination you experienced? I was too distraught.,Question 59i. Pourquoi n'avez-vous pas déposé un grief ou une plainte officielle concernant la discrimination dont vous avez fait l'objet? J'étais trop bouleversé(e).,4,WORKPLACE,MILIEU DE TRAVAIL,13,Discrimination,Discrimination
Q59j,"Question 59j. Why did you not file a grievance or formal complaint about the discrimination you experienced? I had concerns about the formal complaint process (e.g., confidentiality, how long it would take).","Question 59j. Pourquoi n'avez-vous pas déposé un grief ou une plainte officielle concernant la discrimination dont vous avez fait l'objet? J'avais des préoccupations au sujet du processus formel de plaintes (p. ex., la confidentialité, le temps que prendrait le processus).",4,WORKPLACE,MILIEU DE TRAVAIL,13,Discrimination,Discrimination
Q59k,Question 59k. Why did you not file a grievance or formal complaint about the discrimination you experienced? I was advised against filing a complaint.,Question 59k. Pourquoi n'avez-vous pas déposé un grief ou une plainte officielle concernant la discrimination dont vous avez fait l'objet? On m'a conseillé d'éviter de déposer une plainte.,4,WORKPLACE,MILIEU DE TRAVAIL,13,Discrimination,Discrimination
Q59l,"Question 59l. Why did you not file a grievance or formal complaint about the discrimination you experienced? I was afraid of reprisal (e.g., having limited career advancement, being labelled a troublemaker).","Question 59l. Pourquoi n'avez-vous pas déposé un grief ou une plainte officielle concernant la discrimination dont vous avez fait l'objet? J'avais peur des représailles (p. ex., limiter l'avancement de ma carrière ou porter l'étiquette de fauteur de troubles).",4,WORKPLACE,MILIEU DE TRAVAIL,13,Discrimination,Discrimination
Q59m,Question 59m. Why did you not file a grievance or formal complaint about the discrimination you experienced? Someone threatened me.,Question 59m. Pourquoi n'avez-vous pas déposé un grief ou une plainte officielle concernant la discrimination dont vous avez fait l'objet? Quelqu'un m'a menacé(e).,4,WORKPLACE,MILIEU DE TRAVAIL,13,Discrimination,Discrimination
Q59n,Question 59n. Why did you not file a grievance or formal complaint about the discrimination you experienced? I did not believe it would make a difference.,Question 59n. Pourquoi n'avez-vous pas déposé un grief ou une plainte officielle concernant la discrimination dont vous avez fait l'objet? Je ne croyais pas que cela ferait une différence.,4,WORKPLACE,MILIEU DE TRAVAIL,13,Discrimination,Discrimination
Q59o,Question 59o. Why did you not file a grievance or formal complaint about the discrimination you experienced? I intend to file a grievance or a formal complaint but I have not done so yet.,Question 59o. Pourquoi n'avez-vous pas déposé un grief ou une plainte officielle concernant la discrimination dont vous avez fait l'objet? J'ai l'intention de déposer un grief ou une plainte officielle mais je ne l'ai pas encore fait.,4,WORKPLACE,MILIEU DE TRAVAIL,13,Discrimination,Discrimination
Q59p,Question 59p. Why did you not file a grievance or formal complaint about the discrimination you experienced? Other,Question 59p. Pourquoi n'avez-vous pas déposé un grief ou une plainte officielle concernant la discrimination dont vous avez fait l'objet? Autre,4,WORKPLACE,MILIEU DE TRAVAIL,13,Discrimination,Discrimination
Q60,Question 60. I am satisfied with how matters related to discrimination are resolved in my department or agency.,Question 60. Je suis satisfait(e) de la manière dont les problèmes de discrimination sont réglés dans mon ministère ou organisme.,4,WORKPLACE,MILIEU DE TRAVAIL,13,Discrimination,Discrimination
Q61,Question 61. My department or agency works hard to create a workplace that prevents discrimination.,Question 61. Mon ministère ou organisme met tout en oeuvre pour créer un milieu de travail qui prévient la discrimination.,4,WORKPLACE,MILIEU DE TRAVAIL,13,Discrimination,Discrimination
Q62a,"Question 62a. Overall, to what extent do the following factors cause you stress at work? Pay or other compensation-related issues","Question 62a. Dans l'ensemble, dans quelle mesure les facteurs suivants vous causent-ils du stress au travail? Problèmes liés à la paye ou à d'autres aspects de la rémunération",5,WORKPLACE WELL-BEING,BIEN-ÊTRE EN MILIEU DE TRAVAIL,15,Work-related stress,Stress lié au travail
Q62b,"Question 62b. Overall, to what extent do the following factors cause you stress at work? Heavy workload","Question 62b. Dans l'ensemble, dans quelle mesure les facteurs suivants vous causent-ils du stress au travail? Lourde charge de travail",5,WORKPLACE WELL-BEING,BIEN-ÊTRE EN MILIEU DE TRAVAIL,15,Work-related stress,Stress lié au travail
Q62c,"Question 62c. Overall, to what extent do the following factors cause you stress at work? Unreasonable deadlines","Question 62c. Dans l'ensemble, dans quelle mesure les facteurs suivants vous causent-ils du stress au travail? Délais déraisonnables",5,WORKPLACE WELL-BEING,BIEN-ÊTRE EN MILIEU DE TRAVAIL,15,Work-related stress,Stress lié au travail
Q62d,"Question 62d. Overall, to what extent do the following factors cause you stress at work? Not enough employees to do the work","Question 62d. Dans l'ensemble, dans quelle mesure les facteurs suivants vous causent-ils du stress au travail? Pas assez d'employé(e)s pour faire le travail",5,WORKPLACE WELL-BEING,BIEN-ÊTRE EN MILIEU DE TRAVAIL,15,Work-related stress,Stress lié au travail
Q62e,"Question 62e. Overall, to what extent do the following factors cause you stress at work? Overtime or long work hours","Question 62e. Dans l'ensemble, dans quelle mesure les facteurs suivants vous causent-ils du stress au travail? Heures supplémentaires ou longues heures de travail",5,WORKPLACE WELL-BEING,BIEN-ÊTRE EN MILIEU DE TRAVAIL,15,Work-related stress,Stress lié au travail
Q62f,"Question 62f. Overall, to what extent do the following factors cause you stress at work? Balancing work and personal life","Question 62f. Dans l'ensemble, dans quelle mesure les facteurs suivants vous causent-ils du stress au travail? Conciliation travail et vie personnelle",5,WORKPLACE WELL-BEING,BIEN-ÊTRE EN MILIEU DE TRAVAIL,15,Work-related stress,Stress lié au travail
Q62g,"Question 62g. Overall, to what extent do the following factors cause you stress at work? Lack of control or input in decision-making","Question 62g. Dans l'ensemble, dans quelle mesure les facteurs suivants vous causent-ils du stress au travail? Manque de contrôle ou de contribution aux prises de décision",5,WORKPLACE WELL-BEING,BIEN-ÊTRE EN MILIEU DE TRAVAIL,15,Work-related stress,Stress lié au travail
Q62h,"Question 62h. Overall, to what extent do the following factors cause you stress at work? Competing or constantly changing priorities","Question 62h. Dans l'ensemble, dans quelle mesure les facteurs suivants vous causent-ils du stress au travail? Priorités concurrentes ou qui changent constamment",5,WORKPLACE WELL-BEING,BIEN-ÊTRE EN MILIEU DE TRAVAIL,15,Work-related stress,Stress lié au travail
Q62i,"Question 62i. Overall, to what extent do the following factors cause you stress at work? Lack of clear expectations","Question 62i. Dans l'ensemble, dans quelle mesure les facteurs suivants vous causent-ils du stress au travail? Manque d'attentes claires",5,WORKPLACE WELL-BEING,BIEN-ÊTRE EN MILIEU DE TRAVAIL,15,Work-related stress,Stress lié au travail
Q62j,"Question 62j. Overall, to what extent do the following factors cause you stress at work? Information overload","Question 62j. Dans l'ensemble, dans quelle mesure les facteurs suivants vous causent-ils du stress au travail? Surcharge d'information",5,WORKPLACE WELL-BEING,BIEN-ÊTRE EN MILIEU DE TRAVAIL,15,Work-related stress,Stress lié au travail
Q62k,"Question 62k. Overall, to what extent do the following factors cause you stress at work? Physical work environment","Question 62k. Dans l'ensemble, dans quelle mesure les facteurs suivants vous causent-ils du stress au travail? Environnement de travail physique",5,WORKPLACE WELL-BEING,BIEN-ÊTRE EN MILIEU DE TRAVAIL,15,Work-related stress,Stress lié au travail
Q62l,"Question 62l. Overall, to what extent do the following factors cause you stress at work? Accessibility or accommodation issues","Question 62l. Dans l'ensemble, dans quelle mesure les facteurs suivants vous causent-ils du stress au travail? Problèmes d'accessibilité ou d'adaptation",5,WORKPLACE WELL-BEING,BIEN-ÊTRE EN MILIEU DE TRAVAIL,15,Work-related stress,Stress lié au travail
Q62m,"Question 62m. Overall, to what extent do the following factors cause you stress at work? Harassment or discrimination","Question 62m. Dans l'ensemble, dans quelle mesure les facteurs suivants vous causent-ils du stress au travail? Harcèlement ou discrimination",5,WORKPLACE WELL-BEING,BIEN-ÊTRE EN MILIEU DE TRAVAIL,15,Work-related stress,Stress lié au travail
Q62n,"Question 62n. Overall, to what extent do the following factors cause you stress at work? Issue(s) with my co-worker(s)","Question 62n. Dans l'ensemble, dans quelle mesure les facteurs suivants vous causent-ils du stress au travail? Problème(s) avec un(e) ou des collègues de travail",5,WORKPLACE WELL-BEING,BIEN-ÊTRE EN MILIEU DE TRAVAIL,15,Work-related stress,Stress lié au travail
Q62o,"Question 62o. Overall, to what extent do the following factors cause you stress at work? Issue(s) with individuals with authority over me","Question 62o. Dans l'ensemble, dans quelle mesure les facteurs suivants vous causent-ils du stress au travail? Problème(s) avec un(e) ou des supérieur(e)s",5,WORKPLACE WELL-BEING,BIEN-ÊTRE EN MILIEU DE TRAVAIL,15,Work-related stress,Stress lié au travail
Q62p,"Question 62p. Overall, to what extent do the following factors cause you stress at work? Issue(s) with individual(s) working for me","Question 62p. Dans l'ensemble, dans quelle mesure les facteurs suivants vous causent-ils du stress au travail? Problème(s) avec une ou (des) personne(s) relevant de moi",5,WORKPLACE WELL-BEING,BIEN-ÊTRE EN MILIEU DE TRAVAIL,15,Work-related stress,Stress lié au travail
Q62q,"Question 62q. Overall, to what extent do the following factors cause you stress at work? Issue(s) with other individual(s)","Question 62q. Dans l'ensemble, dans quelle mesure les facteurs suivants vous causent-ils du stress au travail? Problème(s) avec d'autres personne(s) (p.ex., un (des) membre(s) du public, personne(s) d'autres ministères ou organismes)",5,WORKPLACE WELL-BEING,BIEN-ÊTRE EN MILIEU DE TRAVAIL,15,Work-related stress,Stress lié au travail
Q62r,"Question 62r. Overall, to what extent do the following factors cause you stress at work? Lack of job security","Question 62r. Dans l'ensemble, dans quelle mesure les facteurs suivants vous causent-ils du stress au travail? Manque de sécurité d'emploi",5,WORKPLACE WELL-BEING,BIEN-ÊTRE EN MILIEU DE TRAVAIL,15,Work-related stress,Stress lié au travail
Q62s,"Question 62s. Overall, to what extent do the following factors cause you stress at work? Personal issues","Question 62s. Dans l'ensemble, dans quelle mesure les facteurs suivants vous causent-ils du stress au travail? Problèmes personnels",5,WORKPLACE WELL-BEING,BIEN-ÊTRE EN MILIEU DE TRAVAIL,15,Work-related stress,Stress lié au travail
Q63,"Question 63. Overall, my level of work-related stress is...","Question 63. Dans l'ensemble, mon niveau de stress lié au travail est...",5,WORKPLACE WELL-BEING,BIEN-ÊTRE EN MILIEU DE TRAVAIL,15,Work-related stress,Stress lié au travail
Q64,"Question 64. After my workday, I feel emotionally drained.","Question 64. Après ma journée de travail, je me sens épuisé(e) émotionnellement.",5,WORKPLACE WELL-BEING,BIEN-ÊTRE EN MILIEU DE TRAVAIL,15,Work-related stress,Stress lié au travail
Q65,Question 65. My department or agency does a good job of raising awareness of mental health in the workplace.,Question 65. Mon ministère ou organisme fait un bon travail de sensibilisation à la santé mentale en milieu de travail.,5,WORKPLACE WELL-BEING,BIEN-ÊTRE EN MILIEU DE TRAVAIL,14,A psychologically healthy workplace,Milieu de travail sain sur le plan psychologique
Q66,Question 66. I would describe my workplace as being psychologically healthy.,Question 66. Je dirais que mon milieu de travail est sain sur le plan psychologique.,5,WORKPLACE WELL-BEING,BIEN-ÊTRE EN MILIEU DE TRAVAIL,14,A psychologically healthy workplace,Milieu de travail sain sur le plan psychologique
Q67,Question 67. To what extent has your pay or other compensation been affected by issues with the Phoenix pay system?,Question 67. Dans quelle mesure votre paye ou autre rémunération a-t-elle été touchée par les problèmes du système de paye Phénix?,6,COMPENSATION,RÉMUNÉRATION,16,Pay or other compensation issues,Problèmes de paye ou de rémunération
Q68a,Question 68a. Please indicate which of the following pay or other compensation issues you have experienced: ... Missing regular pay,"Question 68a. Parmi les problèmes suivants relatifs à la paye ou à une autre rémunération, veuillez indiquer ceux auxquels vous avez été confrontés : ... Absence de la paye ordinaire",6,COMPENSATION,RÉMUNÉRATION,16,Pay or other compensation issues,Problèmes de paye ou de rémunération
Q68b,Question 68b. Please indicate which of the following pay or other compensation issues you have experienced: ... Underpayment of regular pay,"Question 68b. Parmi les problèmes suivants relatifs à la paye ou à une autre rémunération, veuillez indiquer ceux auxquels vous avez été confrontés : ... Paiement en moins à la paye ordinaire",6,COMPENSATION,RÉMUNÉRATION,16,Pay or other compensation issues,Problèmes de paye ou de rémunération
Q68c,Question 68c. Please indicate which of the following pay or other compensation issues you have experienced: ... Overpayment of regular pay,"Question 68c. Parmi les problèmes suivants relatifs à la paye ou à une autre rémunération, veuillez indiquer ceux auxquels vous avez été confrontés : ... Paiement en trop à la paye ordinaire",6,COMPENSATION,RÉMUNÉRATION,16,Pay or other compensation issues,Problèmes de paye ou de rémunération
Q68d,"Question 68d. Please indicate which of the following pay or other compensation issues you have experienced: ... Incorrect or missing acting pay, overtime pay or other related extra duty pay","Question 68d. Parmi les problèmes suivants relatifs à la paye ou à une autre rémunération, veuillez indiquer ceux auxquels vous avez été confrontés : ... Erreur ou absence de la rémunération d'intérim, la rémunération des heures supplémentaires ou la rémunération pour services supplémentaires",6,COMPENSATION,RÉMUNÉRATION,16,Pay or other compensation issues,Problèmes de paye ou de rémunération
Q68e,"Question 68e. Please indicate which of the following pay or other compensation issues you have experienced: ... Incorrect or missing pay relating to a disability, maternity, or parental leave","Question 68e. Parmi les problèmes suivants relatifs à la paye ou à une autre rémunération, veuillez indiquer ceux auxquels vous avez été confrontés : ... Erreur ou absence de la paye rattachée à un congé d'invalidité, de maternité ou parental",6,COMPENSATION,RÉMUNÉRATION,16,Pay or other compensation issues,Problèmes de paye ou de rémunération
Q68f,Question 68f. Please indicate which of the following pay or other compensation issues you have experienced: ... Incorrect or missing retroactive pay,"Question 68f. Parmi les problèmes suivants relatifs à la paye ou à une autre rémunération, veuillez indiquer ceux auxquels vous avez été confrontés : ... Erreur ou absence de la paye rétroactive",6,COMPENSATION,RÉMUNÉRATION,16,Pay or other compensation issues,Problèmes de paye ou de rémunération
Q68g,Question 68g. Please indicate which of the following pay or other compensation issues you have experienced: ... Other,"Question 68g. Parmi les problèmes suivants relatifs à la paye ou à une autre rémunération, veuillez indiquer ceux auxquels vous avez été confrontés : ... Autre",6,COMPENSATION,RÉMUNÉRATION,16,Pay or other compensation issues,Problèmes de paye ou de rémunération
Q69,"Question 69. Please estimate the number of hours you have spent, at work or outside of work, attempting to resolve your pay or other compensation issue(s).","Question 69. Veuillez estimer le nombre d'heures que vous avez passées, au travail ou à l'extérieur du travail, à essayer de régler vos problèmes de paye ou autre rémunération.",6,COMPENSATION,RÉMUNÉRATION,16,Pay or other compensation issues,Problèmes de paye ou de rémunération
Q70,Question 70. Have all your pay or other compensation issues been resolved?,Question 70. Est-ce que tous vos problèmes de paye ou autre rémunération ont été réglés?,6,COMPENSATION,RÉMUNÉRATION,16,Pay or other compensation issues,Problèmes de paye ou de rémunération
Q71,"Question 71. I am satisfied with the support (e.g., regular information, follow-up, making enquiries on my behalf, offering emergency or priority pay) I received from my department or agency to help resolve my pay or other compensation issues.","Question 71. Je suis satisfait(e) du soutien (p. ex., information régulière, suivi, demandes de renseignements en mon nom, paiement d’urgence ou paiement prioritaire) que j’ai reçu de la part de mon ministère ou organisme pour m’aider à régler mes problèmes de paye ou autre rémunération.",6,COMPENSATION,RÉMUNÉRATION,17,Support to resolve pay or other compensation issues,Soutien afin de régler les problèmes de paye ou autre rémunération
Q72,Question 72. I am satisfied with the support I received from the Pay Centre to help resolve my pay or other compensation issues.,Question 72. Je suis satisfait(e) du soutien que j’ai reçu de la part du Centre des services de paye pour m’aider à régler mes problèmes de paye ou autre rémunération.,6,COMPENSATION,RÉMUNÉRATION,17,Support to resolve pay or other compensation issues,Soutien afin de régler les problèmes de paye ou autre rémunération
Q73,"Question 73. To what extent have issues with the Phoenix pay system affected your decision to seek or accept another position (e.g., deployment, promotion, secondment, assignment, acting assignment) within your organization or the federal public service?","Question 73. Dans quelle mesure les problèmes liés au système de paye Phénix ont-ils affecté votre décision de chercher ou d’accepter un autre poste (p. ex. mutation, promotion, détachement, affectation, affectation intérimaire) au sein de votre organisation ou de la fonction publique fédérale?",6,COMPENSATION,RÉMUNÉRATION,16,Pay or other compensation issues,Problèmes de paye ou de rémunération
S_26_Q1,"Question 1. To what extent are you aware of the ""Every Day"" commitment?",Question 1. Lequel des énoncés suivants reflète le mieux votre familiarité avec l'engagement « Chaque Jour »?, , , , , , 
S_26_Q2a,"Question 2a. With whom, and where have you discussed the ""Every Day"" commitment? My immediate co-workers","Question 2a. Avec qui, et où avez-vous discuté de l'engagement « Chaque Jour »? Mes collègues immédiats", , , , , , 
S_26_Q2b,"Question 2b. With whom, and where have you discussed the ""Every Day"" commitment? Other co-workers external to my team","Question 2b. Avec qui, et où avez-vous discuté de l'engagement « Chaque Jour »? Des collègues en-dehors de mon équipe", , , , , , 
S_26_Q2c,"Question 2c. With whom, and where have you discussed the ""Every Day"" commitment? Individuals with authority over me","Question 2c. Avec qui, et où avez-vous discuté de l'engagement « Chaque Jour »? Des supérieurs hiérarchiques", , , , , , 
S_26_Q2d,"Question 2d. With whom, and where have you discussed the ""Every Day"" commitment? Individuals working for me","Question 2d. Avec qui, et où avez-vous discuté de l'engagement « Chaque Jour »? Des subalternes", , , , , , 
S_26_Q2e,"Question 2e. With whom, and where have you discussed the ""Every Day"" commitment? At a team meeting","Question 2e. Avec qui, et où avez-vous discuté de l'engagement « Chaque Jour »? Lors d'une réunion d'équipe", , , , , , 
S_26_Q2f,"Question 2f. With whom, and where have you discussed the ""Every Day"" commitment? At an All Staff Meeting","Question 2f. Avec qui, et où avez-vous discuté de l'engagement « Chaque Jour »? Lors d'une réunion de tout le personnel", , , , , , 
S_26_Q2g,"Question 2g. With whom, and where have you discussed the ""Every Day"" commitment? I have never discussed the ""Every Day"" commitment with the above","Question 2g. Avec qui, et où avez-vous discuté de l'engagement « Chaque Jour »? Je n'ai jamais discuté de l'engagement « Chaque Jour » avec les personnes ci-dessus", , , , , , 
S_26_Q3,"Question 3. My manager demonstrates the positive behaviours that are aligned with the ""Every Day"" commitment.",Question 3. Mon gestionnaire démontre des comportements positifs qui sont en lien avec l'engagement « Chaque Jour »., , , , , , 
S_26_Q4,"Question 4. My manager has taken concrete actions to address issues raised during the discussion(s) on the ""Every Day"" commitment.",Question 4. Mon gestionnaire a pris des actions concrètes pour répondre aux enjeux soulevés au cours des discussions sur l'engagement « Chaque Jour »., , , , , , 
S_26_Q5a,"Question 5a. Which of the following topic related to the ""Every Day"" commitment would you say require the most improvement within your team? Motivation","Question 5a. Selon vous, lequel des sujets suivants liés à l'engagement «Chaque Jour» nécessite le plus d'amélioration au sein de votre équipe? Motivation", , , , , , 
S_26_Q5b,"Question 5b. Which of the following topic related to the ""Every Day"" commitment would you say require the most improvement within your team? Empowerment","Question 5b. Selon vous, lequel des sujets suivants liés à l'engagement «Chaque Jour» nécessite le plus d'amélioration au sein de votre équipe? Responsabilisation", , , , , , 
S_26_Q5c,"Question 5c. Which of the following topic related to the ""Every Day"" commitment would you say require the most improvement within your team? Access to the right resources (e.g., human, material, financial or organizational)","Question 5c. Selon vous, lequel des sujets suivants liés à l'engagement «Chaque Jour» nécessite le plus d'amélioration au sein de votre équipe? Accès aux ressources appropriées (p. ex., humaines, matérielles, financières ou   organisationnelles)", , , , , , 
S_26_Q5d,"Question 5d. Which of the following topic related to the ""Every Day"" commitment would you say require the most improvement within your team? Open communication","Question 5d. Selon vous, lequel des sujets suivants liés à l'engagement «Chaque Jour» nécessite le plus d'amélioration au sein de votre équipe? Communication ouverte", , , , , , 
S_26_Q5e,"Question 5e. Which of the following topic related to the ""Every Day"" commitment would you say require the most improvement within your team? Learning and development opportunities","Question 5e. Selon vous, lequel des sujets suivants liés à l'engagement «Chaque Jour» nécessite le plus d'amélioration au sein de votre équipe? Possibilités d'apprentissage et de développement", , , , , , 
S_26_Q5f,"Question 5f. Which of the following topic related to the ""Every Day"" commitment would you say require the most improvement within your team? Respect","Question 5f. Selon vous, lequel des sujets suivants liés à l'engagement «Chaque Jour» nécessite le plus d'amélioration au sein de votre équipe? Respect", , , , , , 
S_26_Q5g,"Question 5g. Which of the following topic related to the ""Every Day"" commitment would you say require the most improvement within your team? Employee engagement","Question 5g. Selon vous, lequel des sujets suivants liés à l'engagement «Chaque Jour» nécessite le plus d'amélioration au sein de votre équipe? Mobilisation des employés", , , , , , 
S_26_Q5h,"Question 5h. Which of the following topic related to the ""Every Day"" commitment would you say require the most improvement within your team? Clear expectations","Question 5h. Selon vous, lequel des sujets suivants liés à l'engagement «Chaque Jour» nécessite le plus d'amélioration au sein de votre équipe? Attentes claires", , , , , , 
S_26_Q5i,"Question 5i. Which of the following topic related to the ""Every Day"" commitment would you say require the most improvement within your team? Fear of reprisal","Question 5i. Selon vous, lequel des sujets suivants liés à l'engagement «Chaque Jour» nécessite le plus d'amélioration au sein de votre équipe? Crainte de représailles", , , , , , 
S_26_Q5j,"Question 5j. Which of the following topic related to the ""Every Day"" commitment would you say require the most improvement within your team? None of the above topics require improvement within my team","Question 5j. Selon vous, lequel des sujets suivants liés à l'engagement «Chaque Jour» nécessite le plus d'amélioration au sein de votre équipe? Aucun des sujets ci-dessus ne nécessite de l'amélioration au sein de mon équipe", , , , , , 
S_26_Q5k,"Question 5k. Which of the following topic related to the ""Every Day"" commitment would you say require the most improvement within your team? Don't know","Question 5k. Selon vous, lequel des sujets suivants liés à l'engagement «Chaque Jour» nécessite le plus d'amélioration au sein de votre équipe? Ne sais pas", , , , , , 
S_26_Q6,"Question 6. Do you think the ""Every Day"" commitment has made a positive change within your sector since its launch in November 2015?",Question 6. Croyez-vous que l'engagement « Chaque Jour » a engendré un changement positif au sein de votre secteur depuis son lancement en novembre 2015?, , , , , , 
